symbol,error
360ONE,429 Client Error: Too Many Requests for url: https://query1.finance.yahoo.com/v8/finance/chart/360ONE.NS?period1=1262304
ABB,429 Client Error: Too Many Requests for url: https://query1.finance.yahoo.com/v8/finance/chart/ABB.NS?period1=1262304000
ACC,429 Client Error: Too Many Requests for url: https://query1.finance.yahoo.com/v8/finance/chart/ACC.NS?period1=1262304000
ACMESOLAR,429 Client Error: Too Many Requests for url: https://query1.finance.yahoo.com/v8/finance/chart/ACMESOLAR.NS?period1=1262
AIAENG,429 Client Error: Too Many Requests for url: https://query1.finance.yahoo.com/v8/finance/chart/AIAENG.NS?period1=1262304
APLAPOLLO,429 Client Error: Too Many Requests for url: https://query1.finance.yahoo.com/v8/finance/chart/APLAPOLLO.NS?period1=1262
AUBANK,429 Client Error: Too Many Requests for url: https://query1.finance.yahoo.com/v8/finance/chart/AUBANK.NS?period1=1262304
AWL,429 Client Error: Too Many Requests for url: https://query1.finance.yahoo.com/v8/finance/chart/AWL.NS?period1=1262304000
AADHARHFC,429 Client Error: Too Many Requests for url: https://query1.finance.yahoo.com/v8/finance/chart/AADHARHFC.NS?period1=1262
AARTIIND,429 Client Error: Too Many Requests for url: https://query1.finance.yahoo.com/v8/finance/chart/AARTIIND.NS?period1=12623
AAVAS,429 Client Error: Too Many Requests for url: https://query1.finance.yahoo.com/v8/finance/chart/AAVAS.NS?period1=12623040
ABBOTINDIA,429 Client Error: Too Many Requests for url: https://query1.finance.yahoo.com/v8/finance/chart/ABBOTINDIA.NS?period1=126
ACE,429 Client Error: Too Many Requests for url: https://query1.finance.yahoo.com/v8/finance/chart/ACE.NS?period1=1262304000
ACUTAAS,429 Client Error: Too Many Requests for url: https://query1.finance.yahoo.com/v8/finance/chart/ACUTAAS.NS?period1=126230
ADANIENSOL,429 Client Error: Too Many Requests for url: https://query1.finance.yahoo.com/v8/finance/chart/ADANIENSOL.NS?period1=126
ADANIENT,429 Client Error: Too Many Requests for url: https://query1.finance.yahoo.com/v8/finance/chart/ADANIENT.NS?period1=12623
ADANIGREEN,429 Client Error: Too Many Requests for url: https://query1.finance.yahoo.com/v8/finance/chart/ADANIGREEN.NS?period1=126
ADANIPORTS,429 Client Error: Too Many Requests for url: https://query1.finance.yahoo.com/v8/finance/chart/ADANIPORTS.NS?period1=126
ADANIPOWER,429 Client Error: Too Many Requests for url: https://query1.finance.yahoo.com/v8/finance/chart/ADANIPOWER.NS?period1=126
ATGL,429 Client Error: Too Many Requests for url: https://query1.finance.yahoo.com/v8/finance/chart/ATGL.NS?period1=126230400
ABCAPITAL,429 Client Error: Too Many Requests for url: https://query1.finance.yahoo.com/v8/finance/chart/ABCAPITAL.NS?period1=1262
ABREL,429 Client Error: Too Many Requests for url: https://query1.finance.yahoo.com/v8/finance/chart/ABREL.NS?period1=12623040
ABSLAMC,429 Client Error: Too Many Requests for url: https://query1.finance.yahoo.com/v8/finance/chart/ABSLAMC.NS?period1=126230
CPPLUS,429 Client Error: Too Many Requests for url: https://query1.finance.yahoo.com/v8/finance/chart/CPPLUS.NS?period1=1262304
AEGISLOG,429 Client Error: Too Many Requests for url: https://query1.finance.yahoo.com/v8/finance/chart/AEGISLOG.NS?period1=12623
AEGISVOPAK,429 Client Error: Too Many Requests for url: https://query1.finance.yahoo.com/v8/finance/chart/AEGISVOPAK.NS?period1=126
AETHER,429 Client Error: Too Many Requests for url: https://query1.finance.yahoo.com/v8/finance/chart/AETHER.NS?period1=1262304
AFCONS,429 Client Error: Too Many Requests for url: https://query1.finance.yahoo.com/v8/finance/chart/AFCONS.NS?period1=1262304
AFFLE,429 Client Error: Too Many Requests for url: https://query1.finance.yahoo.com/v8/finance/chart/AFFLE.NS?period1=12623040
